Bahnhof;Stadt;Bundesland;Größenklasse;2025-01;2025-02;2025-03;2025-04;2025-05;2025-06;2025-07;2025-08;2025-09;2025-10;2025-11;2025-12
Aachen Hauptbahnhof;Aachen;Nordrhein-Westfalen;C · Regionalbahnhof (unter 50.000/Tag);715532;670251;785748;774820;785918;760219;760118;738724;762868;809126;772271;789405
Aschaffenburg Hauptbahnhof;Aschaffenburg;Bayern;C · Regionalbahnhof (unter 50.000/Tag);402538;385282;430238;429036;449500;431990;423221;403183;429364;446691;426527;452430
Augsburg Hauptbahnhof;Augsburg;Bayern;C · Regionalbahnhof (unter 50.000/Tag);1230401;1202268;1348021;1296403;1387176;1342837;1314834;1289619;1335440;1380100;1356796;1393605
Bamberg;Bamberg;Bayern;C · Regionalbahnhof (unter 50.000/Tag);431793;412397;465179;448928;476506;467316;454729;443162;462003;481809;454385;476793
Berlin Friedrichstraße;Berlin;Berlin;A · Metropolknoten (ab 200.000/Tag);7519553;6978497;8265403;8078722;8486261;7935390;8077841;7643712;8040337;8285126;8057415;8261743
Berlin Gesundbrunnen;Berlin;Berlin;A · Metropolknoten (ab 200.000/Tag);5792826;5508222;6276802;6053443;6566538;6182715;6317404;5988849;6313592;6373148;6215942;6505519
Berlin Hauptbahnhof;Berlin;Berlin;A · Metropolknoten (ab 200.000/Tag);9533380;8830451;10061294;10081686;10582370;10206408;9976001;9545188;10106428;10529658;10118762;10513374
Berlin Ostbahnhof;Berlin;Berlin;B · Großstadtbahnhof (50.000–199.999/Tag);2833236;2739035;3077408;3000374;3166364;3130411;3040458;2895613;3044300;3193882;3131053;3247866
Berlin Ostkreuz;Berlin;Berlin;A · Metropolknoten (ab 200.000/Tag);7185629;6924823;7848679;7686898;8204507;7847132;7859616;7527998;7867007;8205043;7794387;8123281
Berlin Potsdamer Platz;Berlin;Berlin;C · Regionalbahnhof (unter 50.000/Tag);871321;821603;932444;916678;947706;916306;907687;865568;936223;942710;924737;967017
Berlin Südkreuz;Berlin;Berlin;B · Großstadtbahnhof (50.000–199.999/Tag);5004836;4809723;5432970;5478568;5683732;5611942;5588926;5188736;5584395;5602345;5575561;5773266
Berlin Zoologischer Garten;Berlin;Berlin;B · Großstadtbahnhof (50.000–199.999/Tag);3647227;3396743;3828867;3862904;3952271;3848314;3821942;3647248;3832810;3957948;3844231;3984495
Berlin-Lichtenberg;Berlin;Berlin;B · Großstadtbahnhof (50.000–199.999/Tag);2431477;2356725;2618301;2586299;2708940;2613471;2602862;2518201;2607612;2708443;2584318;2688351
Berlin-Spandau;Berlin;Berlin;C · Regionalbahnhof (unter 50.000/Tag);1267603;1214438;1390584;1363956;1446011;1388188;1408037;1300322;1381874;1450505;1399625;1413857
Berlin-Wannsee;Berlin;Berlin;C · Regionalbahnhof (unter 50.000/Tag);856935;807200;940982;895366;969038;932323;925014;886445;908562;971955;913670;942510
Bielefeld Hauptbahnhof;Bielefeld;Nordrhein-Westfalen;C · Regionalbahnhof (unter 50.000/Tag);1143667;1096967;1230351;1232371;1273147;1228430;1245380;1146260;1217340;1259767;1247059;1279261
Bochum Hauptbahnhof;Bochum;Nordrhein-Westfalen;B · Großstadtbahnhof (50.000–199.999/Tag);1858728;1770682;1994200;1963262;2106701;2013222;1996081;1860410;2012769;2094972;1990767;2063206
Bonn Hauptbahnhof;Bonn;Nordrhein-Westfalen;B · Großstadtbahnhof (50.000–199.999/Tag);1942730;1806307;2110965;1992983;2151485;2103110;2069092;1921025;2067767;2175171;2014060;2100305
Braunschweig Hauptbahnhof;Braunschweig;Niedersachsen;B · Großstadtbahnhof (50.000–199.999/Tag);1894791;1783786;2074836;2004498;2077376;2049073;2046036;1886239;2052114;2104310;2005589;2111352
Bremen Hauptbahnhof;Bremen;Bremen;B · Großstadtbahnhof (50.000–199.999/Tag);4245108;4030401;4520720;4459273;4628548;4465768;4573358;4246818;4574335;4747047;4495190;4668434
Chemnitz Hauptbahnhof;Chemnitz;Sachsen;C · Regionalbahnhof (unter 50.000/Tag);374341;344663;406950;391982;418040;392145;403959;382334;406677;416197;398585;409127
Cottbus Hauptbahnhof;Cottbus;Brandenburg;C · Regionalbahnhof (unter 50.000/Tag);345691;326289;377446;369126;377455;372233;363664;352402;368772;385984;363771;377167
Darmstadt Hauptbahnhof;Darmstadt;Hessen;C · Regionalbahnhof (unter 50.000/Tag);1159382;1077579;1215241;1195952;1270290;1248981;1245550;1142210;1257459;1263921;1231642;1291793
Dortmund Hauptbahnhof;Dortmund;Nordrhein-Westfalen;B · Großstadtbahnhof (50.000–199.999/Tag);3645050;3480388;4061585;3922121;4128636;4058179;4060873;3782248;3974791;4112150;4013702;4210277
Dresden Hauptbahnhof;Dresden;Sachsen;B · Großstadtbahnhof (50.000–199.999/Tag);1711014;1621396;1845216;1809030;1918269;1878621;1854685;1744798;1862248;1946997;1807140;1900586
Dresden-Neustadt;Dresden;Sachsen;C · Regionalbahnhof (unter 50.000/Tag);736254;710342;802124;788359;827718;803882;803639;758418;797600;833574;803773;824317
Duisburg Hauptbahnhof;Duisburg;Nordrhein-Westfalen;B · Großstadtbahnhof (50.000–199.999/Tag);3758816;3533619;4087954;3994490;4201078;3961040;3931643;3795058;4068131;4119270;3912125;4086776
Düsseldorf Hauptbahnhof;Düsseldorf;Nordrhein-Westfalen;A · Metropolknoten (ab 200.000/Tag);6923630;6666883;7502964;7540202;7977650;7528142;7650306;7124371;7606789;7938001;7608235;7722827
Erfurt Hauptbahnhof;Erfurt;Thüringen;C · Regionalbahnhof (unter 50.000/Tag);1300238;1234846;1434840;1388343;1467780;1399159;1413747;1328333;1415806;1473787;1432806;1500315
Essen Hauptbahnhof;Essen;Nordrhein-Westfalen;B · Großstadtbahnhof (50.000–199.999/Tag);4358115;4174404;4648685;4661929;4773629;4715906;4601407;4505332;4742244;4781854;4643361;4873134
Flughafen BER;Schönefeld;Brandenburg;B · Großstadtbahnhof (50.000–199.999/Tag);3231477;3044555;3616106;3648909;3809023;3841785;4065798;4091865;3754425;3793043;3345377;3557637
Frankfurt (Main) Hauptbahnhof;Frankfurt am Main;Hessen;A · Metropolknoten (ab 200.000/Tag);13950036;13550144;15272076;14863332;15727739;15360933;15329230;14466097;15282716;15649909;15048461;15444327
Frankfurt (Main) Süd;Frankfurt am Main;Hessen;C · Regionalbahnhof (unter 50.000/Tag);636378;624183;705571;688535;720212;691647;687634;652153;683058;712278;693780;717071
Freiburg (Breisgau) Hauptbahnhof;Freiburg im Breisgau;Baden-Württemberg;B · Großstadtbahnhof (50.000–199.999/Tag);2148994;2025752;2294965;2227912;2433480;2358209;2257511;2159005;2311759;2407894;2339943;2409576
Fulda;Fulda;Hessen;C · Regionalbahnhof (unter 50.000/Tag);562320;542792;630032;611568;631047;614029;606253;579675;612699;644033;622709;642843
Fürth (Bayern) Hauptbahnhof;Fürth;Bayern;C · Regionalbahnhof (unter 50.000/Tag);287514;268492;313559;303223;314090;306387;310059;293195;313304;322886;300439;316852
Gelsenkirchen Hauptbahnhof;Gelsenkirchen;Nordrhein-Westfalen;C · Regionalbahnhof (unter 50.000/Tag);492870;480682;539647;525511;564741;541694;544283;504401;541484;565653;525477;561057
Gießen;Gießen;Hessen;C · Regionalbahnhof (unter 50.000/Tag);789750;758836;864554;851603;885376;861488;863346;826759;852256;899486;867205;899341
Göttingen;Göttingen;Niedersachsen;C · Regionalbahnhof (unter 50.000/Tag);1367416;1353617;1488675;1494801;1548140;1530385;1502069;1442851;1505458;1578058;1482659;1590871
Hagen Hauptbahnhof;Hagen;Nordrhein-Westfalen;C · Regionalbahnhof (unter 50.000/Tag);847280;826042;912117;920197;957904;912347;900999;883802;936068;965077;918316;969851
Halle (Saale) Hauptbahnhof;Halle (Saale);Sachsen-Anhalt;C · Regionalbahnhof (unter 50.000/Tag);1150742;1096492;1248008;1226476;1255103;1222112;1220255;1142764;1242657;1271149;1238928;1285314
Hamburg Dammtor;Hamburg;Hamburg;C · Regionalbahnhof (unter 50.000/Tag);1214368;1177606;1346878;1305452;1382922;1293798;1307984;1244189;1325685;1389675;1332012;1374431
Hamburg Hauptbahnhof;Hamburg;Hamburg;A · Metropolknoten (ab 200.000/Tag);15166809;14875272;16561459;16168452;17081816;16844997;16454502;15494393;16879283;16888722;16611851;16977444
Hamburg-Altona;Hamburg;Hamburg;B · Großstadtbahnhof (50.000–199.999/Tag);3909649;3728017;4342848;4169440;4368030;4317767;4312900;3976638;4236814;4334063;4211460;4462374
Hamburg-Harburg;Hamburg;Hamburg;B · Großstadtbahnhof (50.000–199.999/Tag);2301510;2171898;2477374;2447110;2523071;2450721;2470305;2354571;2464180;2565649;2410265;2563346
Hamm (Westfalen) Hauptbahnhof;Hamm;Nordrhein-Westfalen;C · Regionalbahnhof (unter 50.000/Tag);757137;738042;834537;820177;871343;835787;826751;796069;839613;865640;815555;854349
Hanau Hauptbahnhof;Hanau;Hessen;C · Regionalbahnhof (unter 50.000/Tag);581039;542384;618211;600730;636241;626534;603817;583043;621734;648544;605007;632716
Hannover Hauptbahnhof;Hannover;Niedersachsen;A · Metropolknoten (ab 200.000/Tag);7508606;7025678;8215708;7920537;8343689;7991135;7879543;7527297;7945251;8461279;8049644;8396633
Heidelberg Hauptbahnhof;Heidelberg;Baden-Württemberg;C · Regionalbahnhof (unter 50.000/Tag);1183431;1134669;1316932;1250051;1341586;1267586;1299900;1233733;1300125;1356798;1300877;1344312
Heilbronn Hauptbahnhof;Heilbronn;Baden-Württemberg;C · Regionalbahnhof (unter 50.000/Tag);392437;377476;440173;420628;448617;434896;422804;411095;433283;446073;428496;454022
Herford;Herford;Nordrhein-Westfalen;C · Regionalbahnhof (unter 50.000/Tag);343232;328853;371146;364613;385796;372927;366687;348701;369574;381156;366156;381159
Hildesheim Hauptbahnhof;Hildesheim;Niedersachsen;C · Regionalbahnhof (unter 50.000/Tag);880727;824704;943379;936443;962191;923949;934764;899344;928064;975949;943411;979575
Ingolstadt Hauptbahnhof;Ingolstadt;Bayern;C · Regionalbahnhof (unter 50.000/Tag);353594;337418;388237;372972;403998;384965;385617;370670;385463;397854;377257;404455
Kaiserslautern Hauptbahnhof;Kaiserslautern;Rheinland-Pfalz;C · Regionalbahnhof (unter 50.000/Tag);679972;661157;751911;713189;778608;740527;731741;703089;740229;762413;723671;773493
Karlsruhe Hauptbahnhof;Karlsruhe;Baden-Württemberg;B · Großstadtbahnhof (50.000–199.999/Tag);2092431;1923259;2268459;2216162;2268856;2213742;2240390;2082392;2191372;2299458;2176302;2307177
Kassel Hauptbahnhof;Kassel;Hessen;C · Regionalbahnhof (unter 50.000/Tag);346392;323072;376093;367219;380199;377445;362464;344630;363429;388033;364101;386923
Kassel-Wilhelmshöhe;Kassel;Hessen;C · Regionalbahnhof (unter 50.000/Tag);864415;808295;912268;913550;959263;908054;919186;877230;925014;964279;925829;972617
Kiel Hauptbahnhof;Kiel;Schleswig-Holstein;C · Regionalbahnhof (unter 50.000/Tag);1039336;993864;1155040;1124218;1161804;1151838;1145469;1060429;1152893;1196510;1141009;1182590
Koblenz Hauptbahnhof;Koblenz;Rheinland-Pfalz;C · Regionalbahnhof (unter 50.000/Tag);798705;766255;867836;854563;880782;864140;860100;833828;868323;891711;854197;879560
Köln Hauptbahnhof;Köln;Nordrhein-Westfalen;A · Metropolknoten (ab 200.000/Tag);9055177;8701704;9746642;9664849;10247435;9834592;9721364;9379750;9942209;9982030;9677194;10117054
Köln Messe/Deutz;Köln;Nordrhein-Westfalen;B · Großstadtbahnhof (50.000–199.999/Tag);1969867;1894587;2150488;2135628;2259585;2158482;2167663;2008573;2182269;2231102;2153217;2238539
Leipzig Hauptbahnhof;Leipzig;Sachsen;B · Großstadtbahnhof (50.000–199.999/Tag);3895067;3663648;4220347;4123356;4326339;4126904;4128010;3912744;4234720;4222563;4203065;4218237
Lübeck Hauptbahnhof;Lübeck;Schleswig-Holstein;C · Regionalbahnhof (unter 50.000/Tag);959879;944802;1058478;1021627;1084082;1055645;1046606;982364;1051545;1082107;1035791;1087074
Ludwigshafen (Rhein) Hauptbahnhof;Ludwigshafen am Rhein;Rheinland-Pfalz;C · Regionalbahnhof (unter 50.000/Tag);451414;429718;493283;490702;506159;501540;497183;470469;502067;503343;485157;508965
Magdeburg Hauptbahnhof;Magdeburg;Sachsen-Anhalt;C · Regionalbahnhof (unter 50.000/Tag);905135;877709;975943;980280;1032037;998146;985047;938795;975983;1036042;957247;1017636
Mainz Hauptbahnhof;Mainz;Rheinland-Pfalz;B · Großstadtbahnhof (50.000–199.999/Tag);2146406;2014505;2334320;2254968;2438432;2360092;2269985;2144812;2344476;2379197;2333070;2354737
Mannheim Hauptbahnhof;Mannheim;Baden-Württemberg;B · Großstadtbahnhof (50.000–199.999/Tag);3319607;3170534;3752312;3532739;3738071;3730975;3639331;3396801;3615987;3820469;3613690;3739484
Mönchengladbach Hauptbahnhof;Mönchengladbach;Nordrhein-Westfalen;C · Regionalbahnhof (unter 50.000/Tag);338192;325372;368018;370572;377654;367382;366926;343122;370346;389414;373109;389893
München Hauptbahnhof;München;Bayern;A · Metropolknoten (ab 200.000/Tag);11848190;11354209;12940580;12635142;12913788;12540536;12709913;12129045;12940545;13215405;12480205;13037442
München Ost;München;Bayern;B · Großstadtbahnhof (50.000–199.999/Tag);4884282;4682153;5388507;5203978;5606293;5477487;5388967;5010584;5343294;5502917;5380585;5640953
München-Pasing;München;Bayern;B · Großstadtbahnhof (50.000–199.999/Tag);3934146;3834677;4265207;4258743;4368357;4312124;4230801;4039058;4325405;4517825;4252154;4396503
Münster (Westfalen) Hauptbahnhof;Münster;Nordrhein-Westfalen;B · Großstadtbahnhof (50.000–199.999/Tag);2019250;1885926;2140609;2099966;2210043;2190252;2128381;2040383;2178366;2254831;2158033;2243960
Neumünster;Neumünster;Schleswig-Holstein;C · Regionalbahnhof (unter 50.000/Tag);375502;354095;393890;387206;420069;402673;404035;371434;403168;421537;393749;417642
Neuss Hauptbahnhof;Neuss;Nordrhein-Westfalen;C · Regionalbahnhof (unter 50.000/Tag);374656;353166;400318;397582;410906;402762;398528;382829;397985;419371;395941;410956
Neustadt (Weinstraße) Hauptbahnhof;Neustadt an der Weinstraße;Rheinland-Pfalz;C · Regionalbahnhof (unter 50.000/Tag);565636;536246;624481;605854;648775;612254;604137;573750;624183;640819;618814;645051
Nürnberg Hauptbahnhof;Nürnberg;Bayern;A · Metropolknoten (ab 200.000/Tag);6077427;5676231;6465458;6386299;6849020;6449642;6474906;6050812;6447272;6751908;6375667;6645358
Offenburg;Offenburg;Baden-Württemberg;C · Regionalbahnhof (unter 50.000/Tag);765380;720338;836748;828989;874287;842156;819433;792896;834535;856260;815265;868713
Oldenburg (Oldenburg) Hauptbahnhof;Oldenburg;Niedersachsen;C · Regionalbahnhof (unter 50.000/Tag);710251;687104;779840;744951;809267;768014;777435;734233;759173;813749;757120;783863
Osnabrück Hauptbahnhof;Osnabrück;Niedersachsen;C · Regionalbahnhof (unter 50.000/Tag);577193;541273;629829;593760;637985;617666;617093;583049;604952;640126;613859;643215
Paderborn Hauptbahnhof;Paderborn;Nordrhein-Westfalen;C · Regionalbahnhof (unter 50.000/Tag);321376;307829;356906;352528;369798;348721;352950;328157;361219;371452;354233;372331
Pforzheim Hauptbahnhof;Pforzheim;Baden-Württemberg;B · Großstadtbahnhof (50.000–199.999/Tag);1433750;1357032;1552156;1518494;1598584;1540321;1512496;1434157;1542910;1608420;1542966;1608714
Potsdam Hauptbahnhof;Potsdam;Brandenburg;B · Großstadtbahnhof (50.000–199.999/Tag);1979043;1874135;2167696;2107244;2252782;2173437;2177097;2072362;2135678;2200887;2142713;2266926
Rheine;Rheine;Nordrhein-Westfalen;C · Regionalbahnhof (unter 50.000/Tag);336603;332000;377098;361373;379482;374339;370069;345743;364688;387631;363487;387487
Rosenheim;Rosenheim;Bayern;C · Regionalbahnhof (unter 50.000/Tag);578606;544333;629204;600743;647337;615282;612994;586630;606336;637433;599634;641468
Rostock Hauptbahnhof;Rostock;Mecklenburg-Vorpommern;C · Regionalbahnhof (unter 50.000/Tag);681005;647016;751877;722019;760909;748193;746141;690640;754035;769865;734753;753547
Saarbrücken Hauptbahnhof;Saarbrücken;Saarland;C · Regionalbahnhof (unter 50.000/Tag);815554;796705;907627;884074;924300;894081;885546;851348;884098;925756;876706;939205
Solingen Hauptbahnhof;Solingen;Nordrhein-Westfalen;C · Regionalbahnhof (unter 50.000/Tag);446425;439009;502500;478704;500944;492423;496483;468169;500332;500420;495376;519215
Stuttgart Hauptbahnhof;Stuttgart;Baden-Württemberg;A · Metropolknoten (ab 200.000/Tag);7177657;7026778;7792757;7645724;8093888;7794118;7919977;7581309;7902772;8178223;7760638;8201159
Trier Hauptbahnhof;Trier;Rheinland-Pfalz;C · Regionalbahnhof (unter 50.000/Tag);511919;491817;553865;536247;570961;562224;559556;517115;552494;586231;553253;574318
Tübingen Hauptbahnhof;Tübingen;Baden-Württemberg;B · Großstadtbahnhof (50.000–199.999/Tag);1407592;1336360;1536183;1515653;1590517;1565182;1556438;1446968;1568095;1608957;1549313;1568742
Ulm Hauptbahnhof;Ulm;Baden-Württemberg;C · Regionalbahnhof (unter 50.000/Tag);837727;792470;900931;864031;940270;886712;871890;852981;893276;926085;896983;921644
Wiesbaden Hauptbahnhof;Wiesbaden;Hessen;C · Regionalbahnhof (unter 50.000/Tag);1308631;1274972;1426405;1399907;1446706;1418556;1416175;1322166;1419419;1460151;1404156;1492756
Wolfsburg Hauptbahnhof;Wolfsburg;Niedersachsen;C · Regionalbahnhof (unter 50.000/Tag);290419;267148;307186;307458;313571;311653;307890;289636;305100;323268;308598;318073
Worms Hauptbahnhof;Worms;Rheinland-Pfalz;C · Regionalbahnhof (unter 50.000/Tag);422353;405794;459779;448061;485775;465154;464367;442915;459009;475294;455678;490821
Wuppertal Hauptbahnhof;Wuppertal;Nordrhein-Westfalen;C · Regionalbahnhof (unter 50.000/Tag);1139241;1097706;1214536;1207485;1289766;1244692;1228849;1185187;1256400;1261084;1226433;1248621
Würzburg Hauptbahnhof;Würzburg;Bayern;C · Regionalbahnhof (unter 50.000/Tag);783399;750662;871655;836407;883950;874371;872358;800799;871879;905317;867165;902038
